{"cameraMode":{"drawMode":0,"name":"Shaded","section":"Shading Mode"},"sceneLighting":false,"audioPlay":false,"sceneViewState":{"showFog":true,"showMaterialUpdate":false,"showSkybox":false,"showFlares":true,"showImageEffects":true,"showParticleSystems":true},"in2DMode":false,"pivot":{"x":284.87164306640627,"y":280.1181640625,"z":84.77257537841797},"rotation":{"x":-0.050737164914608,"y":0.9492142796516419,"z":-0.2145659625530243,"w":-0.22445525228977204},"size":70.71067810058594,"orthographic":false}