{"cameraMode":{"drawMode":0,"name":"Shaded","section":"Shading Mode"},"sceneLighting":true,"audioPlay":false,"sceneViewState":{"showFog":true,"showMaterialUpdate":false,"showSkybox":true,"showFlares":true,"showImageEffects":true,"showParticleSystems":true},"in2DMode":false,"pivot":{"x":415.5121154785156,"y":173.1597900390625,"z":80.95463562011719},"rotation":{"x":-0.017690008506178857,"y":0.9786057472229004,"z":-0.18142452836036683,"w":-0.09542039781808853},"size":9.61729907989502,"orthographic":false}